/*
SQLyog Community v11.52 (64 bit)
MySQL - 10.1.21-MariaDB : Database - cloud
*********************************************************************
*/

/*!40101 SET NAMES utf8 */;

/*!40101 SET SQL_MODE=''*/;

/*!40014 SET @OLD_UNIQUE_CHECKS=@@UNIQUE_CHECKS, UNIQUE_CHECKS=0 */;
/*!40014 SET @OLD_FOREIGN_KEY_CHECKS=@@FOREIGN_KEY_CHECKS, FOREIGN_KEY_CHECKS=0 */;
/*!40101 SET @OLD_SQL_MODE=@@SQL_MODE, SQL_MODE='NO_AUTO_VALUE_ON_ZERO' */;
/*!40111 SET @OLD_SQL_NOTES=@@SQL_NOTES, SQL_NOTES=0 */;
CREATE DATABASE /*!32312 IF NOT EXISTS*/`cloud` /*!40100 DEFAULT CHARACTER SET latin1 */;

USE `cloud`;

/*Table structure for table `favourite` */

DROP TABLE IF EXISTS `favourite`;

CREATE TABLE `favourite` (
  `id` int(11) NOT NULL AUTO_INCREMENT,
  `u_id` int(11) DEFAULT NULL,
  `file_id` int(11) DEFAULT NULL,
  `yes` int(11) DEFAULT NULL,
  `status` int(11) DEFAULT NULL,
  `create_at` datetime DEFAULT NULL,
  PRIMARY KEY (`id`)
) ENGINE=InnoDB AUTO_INCREMENT=12 DEFAULT CHARSET=latin1;

/*Data for the table `favourite` */

insert  into `favourite`(`id`,`u_id`,`file_id`,`yes`,`status`,`create_at`) values (10,5492202,4,1,1,'2018-02-17 14:17:08');

/*Table structure for table `floder_list` */

DROP TABLE IF EXISTS `floder_list`;

CREATE TABLE `floder_list` (
  `f_id` int(11) NOT NULL AUTO_INCREMENT,
  `u_id` int(11) DEFAULT NULL,
  `page_id` int(11) DEFAULT NULL,
  `floder_id` int(11) DEFAULT NULL,
  `f_name` varchar(250) DEFAULT NULL,
  `f_status` varchar(250) DEFAULT NULL,
  `f_create_at` datetime DEFAULT NULL,
  `f_updated_at` datetime DEFAULT NULL,
  `f_undo` int(11) DEFAULT NULL,
  PRIMARY KEY (`f_id`)
) ENGINE=InnoDB AUTO_INCREMENT=7 DEFAULT CHARSET=latin1;

/*Data for the table `floder_list` */

insert  into `floder_list`(`f_id`,`u_id`,`page_id`,`floder_id`,`f_name`,`f_status`,`f_create_at`,`f_updated_at`,`f_undo`) values (1,5492202,0,0,'vasu','1','2018-02-17 11:13:56','2018-02-17 11:13:56',0),(2,5492202,1,1,'vasu1','1','2018-02-17 11:29:23','2018-02-17 11:29:23',0),(3,5492202,1,2,'vasu2','1','2018-02-17 11:29:30','2018-02-17 11:29:30',0),(4,5492202,1,3,'vasu3','1','2018-02-17 11:29:39','2018-02-17 11:29:39',0),(6,5492202,1,4,'vasu4','1','2018-02-17 11:30:05','2018-02-17 11:30:05',0);

/*Table structure for table `images` */

DROP TABLE IF EXISTS `images`;

CREATE TABLE `images` (
  `img_id` int(11) NOT NULL AUTO_INCREMENT,
  `u_id` int(11) DEFAULT NULL,
  `page_id` int(11) DEFAULT NULL,
  `floder_id` int(11) DEFAULT NULL,
  `img_name` varchar(250) DEFAULT NULL,
  `imag_org_name` varchar(250) DEFAULT NULL,
  `img_create_at` varchar(250) DEFAULT NULL,
  `img_status` int(11) DEFAULT NULL,
  `img_undo` int(11) DEFAULT NULL,
  `f_update_at` datetime DEFAULT NULL,
  PRIMARY KEY (`img_id`)
) ENGINE=InnoDB AUTO_INCREMENT=7 DEFAULT CHARSET=latin1;

/*Data for the table `images` */

insert  into `images`(`img_id`,`u_id`,`page_id`,`floder_id`,`img_name`,`imag_org_name`,`img_create_at`,`img_status`,`img_undo`,`f_update_at`) values (1,5492202,0,0,'0.531842001518850894ANDROIDAPPLICATIONFLOW.docx','ANDROIDAPPLICATIONFLOW.docx','2018-02-17 12:31:34',1,0,NULL),(2,5492202,0,0,'0.164852001518850924benefit.jpg','benefit.jpg','2018-02-17 12:32:04',1,0,NULL),(3,5492202,1,1,'0.712646001518852339benefit.jpg','testing','2018-02-17 12:55:39',1,0,'2018-02-17 14:47:06'),(4,5492202,1,1,'0.523046001518852352docsthumb.jpg','vasuimg','2018-02-17 12:55:52',1,0,'2018-02-17 14:46:14'),(5,5492202,1,2,'0.915484001518859436startup.jpg','startup.jpg','2018-02-17 14:53:56',1,1,'2018-02-17 15:02:46'),(6,5492202,1,2,'0.053245001518859886prod-myewellness.png','myewellness.png','2018-02-17 15:01:26',1,0,'2018-02-17 15:03:20');

/*Table structure for table `recently_file_open` */

DROP TABLE IF EXISTS `recently_file_open`;

CREATE TABLE `recently_file_open` (
  `r_file_id` int(11) NOT NULL AUTO_INCREMENT,
  `u_id` int(11) DEFAULT NULL,
  `file_id` int(11) DEFAULT NULL,
  `r_file_status` int(11) DEFAULT NULL,
  `r_file_create_at` datetime DEFAULT NULL,
  `r_file_updated_at` datetime DEFAULT NULL,
  PRIMARY KEY (`r_file_id`)
) ENGINE=InnoDB DEFAULT CHARSET=latin1;

/*Data for the table `recently_file_open` */

/*Table structure for table `recently_floder_open` */

DROP TABLE IF EXISTS `recently_floder_open`;

CREATE TABLE `recently_floder_open` (
  `r_f_id` int(11) NOT NULL AUTO_INCREMENT,
  `u_id` int(11) DEFAULT NULL,
  `f_id` int(11) DEFAULT NULL,
  `r_f_status` int(11) DEFAULT NULL,
  `r_f_create_at` datetime DEFAULT NULL,
  `r_f_updated_at` datetime DEFAULT NULL,
  PRIMARY KEY (`r_f_id`)
) ENGINE=InnoDB AUTO_INCREMENT=309 DEFAULT CHARSET=latin1;

/*Data for the table `recently_floder_open` */

insert  into `recently_floder_open`(`r_f_id`,`u_id`,`f_id`,`r_f_status`,`r_f_create_at`,`r_f_updated_at`) values (96,5492202,2,1,'2018-02-17 11:34:18','2018-02-17 11:34:18'),(97,5492202,2,1,'2018-02-17 11:36:11','2018-02-17 11:36:11'),(98,5492202,2,1,'2018-02-17 11:36:19','2018-02-17 11:36:19'),(99,5492202,3,1,'2018-02-17 11:39:56','2018-02-17 11:39:56'),(100,5492202,4,1,'2018-02-17 11:39:58','2018-02-17 11:39:58'),(101,5492202,6,1,'2018-02-17 11:40:00','2018-02-17 11:40:00'),(102,5492202,1,1,'2018-02-17 11:43:04','2018-02-17 11:43:04'),(103,5492202,2,1,'2018-02-17 11:43:05','2018-02-17 11:43:05'),(104,5492202,3,1,'2018-02-17 11:43:07','2018-02-17 11:43:07'),(105,5492202,4,1,'2018-02-17 11:43:08','2018-02-17 11:43:08'),(106,5492202,1,1,'2018-02-17 11:44:49','2018-02-17 11:44:49'),(107,5492202,1,1,'2018-02-17 11:57:56','2018-02-17 11:57:56'),(108,5492202,1,1,'2018-02-17 11:58:31','2018-02-17 11:58:31'),(109,5492202,1,1,'2018-02-17 11:58:52','2018-02-17 11:58:52'),(110,5492202,1,1,'2018-02-17 11:58:52','2018-02-17 11:58:52'),(111,5492202,2,1,'2018-02-17 11:58:56','2018-02-17 11:58:56'),(112,5492202,3,1,'2018-02-17 11:58:57','2018-02-17 11:58:57'),(113,5492202,3,1,'2018-02-17 11:58:58','2018-02-17 11:58:58'),(114,5492202,3,1,'2018-02-17 11:59:11','2018-02-17 11:59:11'),(115,5492202,3,1,'2018-02-17 11:59:21','2018-02-17 11:59:21'),(116,5492202,3,1,'2018-02-17 12:01:43','2018-02-17 12:01:43'),(117,5492202,3,1,'2018-02-17 12:03:07','2018-02-17 12:03:07'),(118,5492202,3,1,'2018-02-17 12:03:21','2018-02-17 12:03:21'),(119,5492202,3,1,'2018-02-17 12:03:51','2018-02-17 12:03:51'),(120,5492202,3,1,'2018-02-17 12:04:30','2018-02-17 12:04:30'),(121,5492202,3,1,'2018-02-17 12:05:19','2018-02-17 12:05:19'),(122,5492202,3,1,'2018-02-17 12:05:36','2018-02-17 12:05:36'),(123,5492202,3,1,'2018-02-17 12:05:45','2018-02-17 12:05:45'),(124,5492202,3,1,'2018-02-17 12:07:43','2018-02-17 12:07:43'),(125,5492202,3,1,'2018-02-17 12:07:58','2018-02-17 12:07:58'),(126,5492202,3,1,'2018-02-17 12:12:48','2018-02-17 12:12:48'),(127,5492202,3,1,'2018-02-17 12:13:51','2018-02-17 12:13:51'),(128,5492202,3,1,'2018-02-17 12:14:40','2018-02-17 12:14:40'),(129,5492202,3,1,'2018-02-17 12:14:59','2018-02-17 12:14:59'),(130,5492202,3,1,'2018-02-17 12:15:35','2018-02-17 12:15:35'),(131,5492202,3,1,'2018-02-17 12:15:42','2018-02-17 12:15:42'),(132,5492202,3,1,'2018-02-17 12:16:14','2018-02-17 12:16:14'),(133,5492202,1,1,'2018-02-17 12:16:55','2018-02-17 12:16:55'),(134,5492202,2,1,'2018-02-17 12:16:59','2018-02-17 12:16:59'),(135,5492202,3,1,'2018-02-17 12:17:20','2018-02-17 12:17:20'),(136,5492202,3,1,'2018-02-17 12:17:48','2018-02-17 12:17:48'),(137,5492202,3,1,'2018-02-17 12:17:59','2018-02-17 12:17:59'),(138,5492202,4,1,'2018-02-17 12:18:40','2018-02-17 12:18:40'),(139,5492202,4,1,'2018-02-17 12:18:55','2018-02-17 12:18:55'),(140,5492202,4,1,'2018-02-17 12:19:20','2018-02-17 12:19:20'),(141,5492202,4,1,'2018-02-17 12:21:12','2018-02-17 12:21:12'),(142,5492202,4,1,'2018-02-17 12:22:14','2018-02-17 12:22:14'),(143,5492202,4,1,'2018-02-17 12:22:41','2018-02-17 12:22:41'),(144,5492202,4,1,'2018-02-17 12:23:12','2018-02-17 12:23:12'),(145,5492202,1,1,'2018-02-17 12:23:15','2018-02-17 12:23:15'),(146,5492202,2,1,'2018-02-17 12:23:18','2018-02-17 12:23:18'),(147,5492202,2,1,'2018-02-17 12:23:18','2018-02-17 12:23:18'),(148,5492202,1,1,'2018-02-17 12:23:21','2018-02-17 12:23:21'),(149,5492202,2,1,'2018-02-17 12:23:22','2018-02-17 12:23:22'),(150,5492202,3,1,'2018-02-17 12:23:24','2018-02-17 12:23:24'),(151,5492202,4,1,'2018-02-17 12:23:25','2018-02-17 12:23:25'),(152,5492202,6,1,'2018-02-17 12:23:26','2018-02-17 12:23:26'),(153,5492202,6,1,'2018-02-17 12:23:29','2018-02-17 12:23:29'),(154,5492202,6,1,'2018-02-17 12:24:32','2018-02-17 12:24:32'),(155,5492202,6,1,'2018-02-17 12:27:03','2018-02-17 12:27:03'),(156,5492202,6,1,'2018-02-17 12:27:41','2018-02-17 12:27:41'),(157,5492202,1,1,'2018-02-17 12:27:42','2018-02-17 12:27:42'),(158,5492202,2,1,'2018-02-17 12:27:44','2018-02-17 12:27:44'),(159,5492202,3,1,'2018-02-17 12:27:45','2018-02-17 12:27:45'),(160,5492202,1,1,'2018-02-17 12:27:48','2018-02-17 12:27:48'),(161,5492202,1,1,'2018-02-17 12:28:08','2018-02-17 12:28:08'),(162,5492202,1,1,'2018-02-17 12:28:44','2018-02-17 12:28:44'),(163,5492202,1,1,'2018-02-17 12:28:47','2018-02-17 12:28:47'),(164,5492202,2,1,'2018-02-17 12:28:48','2018-02-17 12:28:48'),(165,5492202,3,1,'2018-02-17 12:28:49','2018-02-17 12:28:49'),(166,5492202,4,1,'2018-02-17 12:28:50','2018-02-17 12:28:50'),(167,5492202,6,1,'2018-02-17 12:28:50','2018-02-17 12:28:50'),(168,5492202,2,1,'2018-02-17 12:28:52','2018-02-17 12:28:52'),(169,5492202,6,1,'2018-02-17 12:28:55','2018-02-17 12:28:55'),(170,5492202,3,1,'2018-02-17 12:28:57','2018-02-17 12:28:57'),(171,5492202,2,1,'2018-02-17 12:28:58','2018-02-17 12:28:58'),(172,5492202,1,1,'2018-02-17 12:28:58','2018-02-17 12:28:58'),(173,5492202,1,1,'2018-02-17 12:29:25','2018-02-17 12:29:25'),(174,5492202,2,1,'2018-02-17 12:29:27','2018-02-17 12:29:27'),(175,5492202,3,1,'2018-02-17 12:29:28','2018-02-17 12:29:28'),(176,5492202,4,1,'2018-02-17 12:29:28','2018-02-17 12:29:28'),(177,5492202,4,1,'2018-02-17 12:29:28','2018-02-17 12:29:28'),(178,5492202,6,1,'2018-02-17 12:29:29','2018-02-17 12:29:29'),(179,5492202,6,1,'2018-02-17 12:29:48','2018-02-17 12:29:48'),(180,5492202,4,1,'2018-02-17 12:29:49','2018-02-17 12:29:49'),(181,5492202,6,1,'2018-02-17 12:29:54','2018-02-17 12:29:54'),(182,5492202,3,1,'2018-02-17 12:29:57','2018-02-17 12:29:57'),(183,5492202,4,1,'2018-02-17 12:29:59','2018-02-17 12:29:59'),(184,5492202,3,1,'2018-02-17 12:30:01','2018-02-17 12:30:01'),(185,5492202,4,1,'2018-02-17 12:30:03','2018-02-17 12:30:03'),(186,5492202,1,1,'2018-02-17 12:30:06','2018-02-17 12:30:06'),(187,5492202,2,1,'2018-02-17 12:30:10','2018-02-17 12:30:10'),(188,5492202,1,1,'2018-02-17 12:30:13','2018-02-17 12:30:13'),(189,5492202,2,1,'2018-02-17 12:30:16','2018-02-17 12:30:16'),(190,5492202,3,1,'2018-02-17 12:30:17','2018-02-17 12:30:17'),(191,5492202,4,1,'2018-02-17 12:30:18','2018-02-17 12:30:18'),(192,5492202,6,1,'2018-02-17 12:30:20','2018-02-17 12:30:20'),(193,5492202,4,1,'2018-02-17 12:30:22','2018-02-17 12:30:22'),(194,5492202,3,1,'2018-02-17 12:30:23','2018-02-17 12:30:23'),(195,5492202,2,1,'2018-02-17 12:30:24','2018-02-17 12:30:24'),(196,5492202,1,1,'2018-02-17 12:55:17','2018-02-17 12:55:17'),(197,5492202,2,1,'2018-02-17 12:55:22','2018-02-17 12:55:22'),(198,5492202,3,1,'2018-02-17 12:55:24','2018-02-17 12:55:24'),(199,5492202,1,1,'2018-02-17 12:55:34','2018-02-17 12:55:34'),(200,5492202,1,1,'2018-02-17 12:55:39','2018-02-17 12:55:39'),(201,5492202,1,1,'2018-02-17 12:55:52','2018-02-17 12:55:52'),(202,5492202,1,1,'2018-02-17 12:57:05','2018-02-17 12:57:05'),(203,5492202,1,1,'2018-02-17 13:02:11','2018-02-17 13:02:11'),(204,5492202,1,1,'2018-02-17 13:03:16','2018-02-17 13:03:16'),(205,5492202,1,1,'2018-02-17 13:03:29','2018-02-17 13:03:29'),(206,5492202,1,1,'2018-02-17 13:03:41','2018-02-17 13:03:41'),(207,5492202,1,1,'2018-02-17 13:04:02','2018-02-17 13:04:02'),(208,5492202,1,1,'2018-02-17 13:05:32','2018-02-17 13:05:32'),(209,5492202,1,1,'2018-02-17 13:07:27','2018-02-17 13:07:27'),(210,5492202,1,1,'2018-02-17 13:08:19','2018-02-17 13:08:19'),(211,5492202,1,1,'2018-02-17 13:08:21','2018-02-17 13:08:21'),(212,5492202,1,1,'2018-02-17 13:09:13','2018-02-17 13:09:13'),(213,5492202,1,1,'2018-02-17 13:09:25','2018-02-17 13:09:25'),(214,5492202,1,1,'2018-02-17 13:11:08','2018-02-17 13:11:08'),(215,5492202,1,1,'2018-02-17 13:40:27','2018-02-17 13:40:27'),(216,5492202,1,1,'2018-02-17 13:41:21','2018-02-17 13:41:21'),(217,5492202,1,1,'2018-02-17 13:41:56','2018-02-17 13:41:56'),(218,5492202,1,1,'2018-02-17 13:42:08','2018-02-17 13:42:08'),(219,5492202,1,1,'2018-02-17 13:42:22','2018-02-17 13:42:22'),(220,5492202,1,1,'2018-02-17 13:54:48','2018-02-17 13:54:48'),(221,5492202,1,1,'2018-02-17 13:55:03','2018-02-17 13:55:03'),(222,5492202,1,1,'2018-02-17 13:56:17','2018-02-17 13:56:17'),(223,5492202,1,1,'2018-02-17 13:56:43','2018-02-17 13:56:43'),(224,5492202,1,1,'2018-02-17 13:56:46','2018-02-17 13:56:46'),(225,5492202,1,1,'2018-02-17 13:57:22','2018-02-17 13:57:22'),(226,5492202,1,1,'2018-02-17 14:02:09','2018-02-17 14:02:09'),(227,5492202,1,1,'2018-02-17 14:03:05','2018-02-17 14:03:05'),(228,5492202,1,1,'2018-02-17 14:03:49','2018-02-17 14:03:49'),(229,5492202,1,1,'2018-02-17 14:04:11','2018-02-17 14:04:11'),(230,5492202,1,1,'2018-02-17 14:04:53','2018-02-17 14:04:53'),(231,5492202,1,1,'2018-02-17 14:05:25','2018-02-17 14:05:25'),(232,5492202,1,1,'2018-02-17 14:05:53','2018-02-17 14:05:53'),(233,5492202,1,1,'2018-02-17 14:06:03','2018-02-17 14:06:03'),(234,5492202,1,1,'2018-02-17 14:06:44','2018-02-17 14:06:44'),(235,5492202,1,1,'2018-02-17 14:08:27','2018-02-17 14:08:27'),(236,5492202,1,1,'2018-02-17 14:08:48','2018-02-17 14:08:48'),(237,5492202,1,1,'2018-02-17 14:08:57','2018-02-17 14:08:57'),(238,5492202,1,1,'2018-02-17 14:09:54','2018-02-17 14:09:54'),(239,5492202,1,1,'2018-02-17 14:10:01','2018-02-17 14:10:01'),(240,5492202,1,1,'2018-02-17 14:10:15','2018-02-17 14:10:15'),(241,5492202,1,1,'2018-02-17 14:10:26','2018-02-17 14:10:26'),(242,5492202,1,1,'2018-02-17 14:12:51','2018-02-17 14:12:51'),(243,5492202,1,1,'2018-02-17 14:13:00','2018-02-17 14:13:00'),(244,5492202,1,1,'2018-02-17 14:15:01','2018-02-17 14:15:01'),(245,5492202,1,1,'2018-02-17 14:15:37','2018-02-17 14:15:37'),(246,5492202,1,1,'2018-02-17 14:15:45','2018-02-17 14:15:45'),(247,5492202,1,1,'2018-02-17 14:15:54','2018-02-17 14:15:54'),(248,5492202,1,1,'2018-02-17 14:16:14','2018-02-17 14:16:14'),(249,5492202,1,1,'2018-02-17 14:16:20','2018-02-17 14:16:20'),(250,5492202,1,1,'2018-02-17 14:16:54','2018-02-17 14:16:54'),(251,5492202,1,1,'2018-02-17 14:17:02','2018-02-17 14:17:02'),(252,5492202,1,1,'2018-02-17 14:17:16','2018-02-17 14:17:16'),(253,5492202,1,1,'2018-02-17 14:17:26','2018-02-17 14:17:26'),(254,5492202,6,1,'2018-02-17 14:26:15','2018-02-17 14:26:15'),(255,5492202,6,1,'2018-02-17 14:26:37','2018-02-17 14:26:37'),(256,5492202,6,1,'2018-02-17 14:26:39','2018-02-17 14:26:39'),(257,5492202,1,1,'2018-02-17 14:26:51','2018-02-17 14:26:51'),(258,5492202,6,1,'2018-02-17 14:26:53','2018-02-17 14:26:53'),(259,5492202,1,1,'2018-02-17 14:27:34','2018-02-17 14:27:34'),(260,5492202,1,1,'2018-02-17 14:27:34','2018-02-17 14:27:34'),(261,5492202,1,1,'2018-02-17 14:30:48','2018-02-17 14:30:48'),(262,5492202,1,1,'2018-02-17 14:31:34','2018-02-17 14:31:34'),(263,5492202,1,1,'2018-02-17 14:32:30','2018-02-17 14:32:30'),(264,5492202,1,1,'2018-02-17 14:33:05','2018-02-17 14:33:05'),(265,5492202,1,1,'2018-02-17 14:35:17','2018-02-17 14:35:17'),(266,5492202,1,1,'2018-02-17 14:35:43','2018-02-17 14:35:43'),(267,5492202,1,1,'2018-02-17 14:36:17','2018-02-17 14:36:17'),(268,5492202,1,1,'2018-02-17 14:38:03','2018-02-17 14:38:03'),(269,5492202,1,1,'2018-02-17 14:38:11','2018-02-17 14:38:11'),(270,5492202,1,1,'2018-02-17 14:39:37','2018-02-17 14:39:37'),(271,5492202,1,1,'2018-02-17 14:46:14','2018-02-17 14:46:14'),(272,5492202,1,1,'2018-02-17 14:47:06','2018-02-17 14:47:06'),(273,5492202,1,1,'2018-02-17 14:47:59','2018-02-17 14:47:59'),(274,5492202,1,1,'2018-02-17 14:49:37','2018-02-17 14:49:37'),(275,5492202,1,1,'2018-02-17 14:53:24','2018-02-17 14:53:24'),(276,5492202,1,1,'2018-02-17 14:53:27','2018-02-17 14:53:27'),(277,5492202,1,1,'2018-02-17 14:53:36','2018-02-17 14:53:36'),(278,5492202,2,1,'2018-02-17 14:53:48','2018-02-17 14:53:48'),(279,5492202,2,1,'2018-02-17 14:53:57','2018-02-17 14:53:57'),(280,5492202,1,1,'2018-02-17 14:54:22','2018-02-17 14:54:22'),(281,5492202,2,1,'2018-02-17 14:54:24','2018-02-17 14:54:24'),(282,5492202,1,1,'2018-02-17 14:58:14','2018-02-17 14:58:14'),(283,5492202,2,1,'2018-02-17 14:58:16','2018-02-17 14:58:16'),(284,5492202,1,1,'2018-02-17 14:59:05','2018-02-17 14:59:05'),(285,5492202,2,1,'2018-02-17 14:59:07','2018-02-17 14:59:07'),(286,5492202,2,1,'2018-02-17 15:00:19','2018-02-17 15:00:19'),(287,5492202,2,1,'2018-02-17 15:00:21','2018-02-17 15:00:21'),(288,5492202,1,1,'2018-02-17 15:01:18','2018-02-17 15:01:18'),(289,5492202,2,1,'2018-02-17 15:01:20','2018-02-17 15:01:20'),(290,5492202,2,1,'2018-02-17 15:01:26','2018-02-17 15:01:26'),(291,5492202,2,1,'2018-02-17 15:01:29','2018-02-17 15:01:29'),(292,5492202,2,1,'2018-02-17 15:01:46','2018-02-17 15:01:46'),(293,5492202,2,1,'2018-02-17 15:02:46','2018-02-17 15:02:46'),(294,5492202,1,1,'2018-02-17 15:02:58','2018-02-17 15:02:58'),(295,5492202,2,1,'2018-02-17 15:03:04','2018-02-17 15:03:04'),(296,5492202,2,1,'2018-02-17 15:03:20','2018-02-17 15:03:20'),(297,5492202,2,1,'2018-02-17 15:04:27','2018-02-17 15:04:27'),(298,5492202,2,1,'2018-02-17 15:04:44','2018-02-17 15:04:44'),(299,5492202,2,1,'2018-02-17 15:12:19','2018-02-17 15:12:19'),(300,5492202,2,1,'2018-02-17 15:15:15','2018-02-17 15:15:15'),(301,5492202,2,1,'2018-02-17 15:15:21','2018-02-17 15:15:21'),(302,5492202,1,1,'2018-02-17 15:15:33','2018-02-17 15:15:33'),(303,5492202,1,1,'2018-02-17 15:15:55','2018-02-17 15:15:55'),(304,5492202,1,1,'2018-02-17 15:16:28','2018-02-17 15:16:28'),(305,5492202,1,1,'2018-02-17 15:17:51','2018-02-17 15:17:51'),(306,5492202,1,1,'2018-02-17 15:18:00','2018-02-17 15:18:00'),(307,5492202,1,1,'2018-02-17 15:19:04','2018-02-17 15:19:04'),(308,5492202,1,1,'2018-02-17 15:19:21','2018-02-17 15:19:21');

/*Table structure for table `users` */

DROP TABLE IF EXISTS `users`;

CREATE TABLE `users` (
  `u_id` int(11) NOT NULL AUTO_INCREMENT,
  `role` int(11) DEFAULT NULL,
  `u_name` varchar(250) DEFAULT NULL,
  `u_email` varchar(250) DEFAULT NULL,
  `u_password` varchar(250) DEFAULT NULL,
  `u_orginalpassword` varchar(250) DEFAULT NULL,
  `u_mobile` varchar(250) DEFAULT NULL,
  `u_dob` varchar(250) DEFAULT NULL,
  `u_gender` varchar(250) DEFAULT NULL,
  `u_status` int(11) DEFAULT '0',
  `verification_code` varchar(250) DEFAULT NULL,
  `verification_status` varchar(250) DEFAULT NULL,
  `u_barcode` varchar(250) DEFAULT NULL,
  `u_barcode_image` varchar(250) DEFAULT NULL,
  `u_profilepic` varchar(250) DEFAULT NULL,
  `u_create_at` datetime DEFAULT NULL,
  `u_update_time` datetime DEFAULT NULL,
  PRIMARY KEY (`u_id`)
) ENGINE=InnoDB AUTO_INCREMENT=5492207 DEFAULT CHARSET=latin1;

/*Data for the table `users` */

insert  into `users`(`u_id`,`role`,`u_name`,`u_email`,`u_password`,`u_orginalpassword`,`u_mobile`,`u_dob`,`u_gender`,`u_status`,`verification_code`,`verification_status`,`u_barcode`,`u_barcode_image`,`u_profilepic`,`u_create_at`,`u_update_time`) values (5492202,1,'chinna','vasu@gmail.com','e10adc3949ba59abbe56e057f20f883e','123456','8500226788','Thursday 15 February 2018  ','Male',0,NULL,NULL,'5492202','15186005145492202','docsthumb.jpg','2018-02-14 14:58:34','2018-02-15 17:31:24'),(5492203,1,'vasudevareddy','vasudevareddy1@gmail.com','e10adc3949ba59abbe56e057f20f883e','123456',NULL,NULL,NULL,0,NULL,NULL,'5492203','15186007065492203.png',NULL,'2018-02-14 15:01:46',NULL),(5492204,1,'ytry','tyertyty@gmail.com','e10adc3949ba59abbe56e057f20f883e','123456',NULL,NULL,NULL,0,NULL,NULL,'5492204','15186027815492204.png',NULL,'2018-02-14 15:36:21',NULL),(5492205,1,'bayapu','bayapu@gmail.com','e10adc3949ba59abbe56e057f20f883e','123456',NULL,NULL,NULL,0,NULL,NULL,'5492205','15186115705492205.png',NULL,'2018-02-14 18:02:50',NULL),(5492206,1,'bayapu','dhdfkjgnfdhk@gmail.com','e10adc3949ba59abbe56e057f20f883e','123456','8500050944',NULL,NULL,0,NULL,NULL,'5492206','15186119325492206.png',NULL,'2018-02-14 18:08:52',NULL);

/*!40101 SET SQL_MODE=@OLD_SQL_MODE */;
/*!40014 SET FOREIGN_KEY_CHECKS=@OLD_FOREIGN_KEY_CHECKS */;
/*!40014 SET UNIQUE_CHECKS=@OLD_UNIQUE_CHECKS */;
/*!40111 SET SQL_NOTES=@OLD_SQL_NOTES */;
